Plate,Well,Sample Name,Target Name,Task,Reporter,Quencher,C?,C? Mean,C? SD,Quantity,Quantity Mean,Quantity SD,Automatic Ct Threshold,Ct Threshold,Automatic Baseline,Baseline Start,Baseline End,Comments,HIGHSD,NOAMP,EXPFAIL
1,A1,Neg.Con,C,NTC,VIC,NFQ-MGB,Undetermined,,,,,,FALSE,0.02,TRUE,3,39,,N,N,N
1,A1,Neg.Con,D,NTC,FAM,NFQ-MGB,Undetermined,,,,,,FALSE,0.02,TRUE,3,39,,N,N,N
1,A2,AH10,C,UNKNOWN,VIC,NFQ-MGB,Undetermined,,,,,,FALSE,0.02,TRUE,3,39,,N,N,Y
1,A2,AH10,D,UNKNOWN,FAM,NFQ-MGB,31.52614403,31.54703903,0.029549999,,,,FALSE,0.02,TRUE,3,30,,N,N,Y
1,A3,AH10,C,UNKNOWN,VIC,NFQ-MGB,Undetermined,,,,,,FALSE,0.02,TRUE,3,39,,N,N,Y
1,A3,AH10,D,UNKNOWN,FAM,NFQ-MGB,31.56793404,31.54703903,0.029549999,,,,FALSE,0.02,TRUE,3,29,,N,N,Y
1,A4,Neg.Con,C,NTC,VIC,NFQ-MGB,Undetermined,,,,,,FALSE,0.02,TRUE,3,39,,N,N,N
1,A4,Neg.Con,D,NTC,FAM,NFQ-MGB,Undetermined,,,,,,FALSE,0.02,TRUE,3,39,,N,N,N
1,A5,Neg.Con,C,NTC,VIC,NFQ-MGB,Undetermined,,,,,,FALSE,0.02,TRUE,3,39,,N,N,N
1,A5,Neg.Con,D,NTC,FAM,NFQ-MGB,Undetermined,,,,,,FALSE,0.02,TRUE,3,39,,N,N,N
1,A6,AH12,C,UNKNOWN,VIC,NFQ-MGB,Undetermined,,,,,,FALSE,0.02,TRUE,3,39,,N,N,Y
1,A6,AH12,D,UNKNOWN,FAM,NFQ-MGB,27.82822227,27.91129684,0.117483832,,,,FALSE,0.02,TRUE,3,26,,N,N,Y
1,A7,AH12,C,UNKNOWN,VIC,NFQ-MGB,Undetermined,,,,,,FALSE,0.02,TRUE,3,39,,N,N,Y
1,A7,AH12,D,UNKNOWN,FAM,NFQ-MGB,27.99436951,27.91129684,0.117483832,,,,FALSE,0.02,TRUE,3,26,,N,N,Y
1,A8,AH13,C,UNKNOWN,VIC,NFQ-MGB,Undetermined,,,,,,FALSE,0.02,TRUE,3,39,,N,N,Y
1,A8,AH13,D,UNKNOWN,FAM,NFQ-MGB,28.35918617,28.40158081,0.05995642,,,,FALSE,0.02,TRUE,3,26,,N,N,Y
1,A9,AH13,C,UNKNOWN,VIC,NFQ-MGB,Undetermined,,,,,,FALSE,0.02,TRUE,3,39,,N,N,Y
1,A9,AH13,D,UNKNOWN,FAM,NFQ-MGB,28.44397736,28.40158081,0.05995642,,,,FALSE,0.02,TRUE,3,26,,N,N,Y
1,A10,AH14,C,UNKNOWN,VIC,NFQ-MGB,39.32761002,39.32761002,,,,,FALSE,0.02,TRUE,3,37,,N,N,Y
1,A10,AH14,D,UNKNOWN,FAM,NFQ-MGB,25.91285515,25.70926857,0.287914902,,,,FALSE,0.02,TRUE,3,24,,N,N,Y
1,A11,AH14,C,UNKNOWN,VIC,NFQ-MGB,Undetermined,39.32761002,,,,,FALSE,0.02,TRUE,3,39,,N,N,Y
1,A11,AH14,D,UNKNOWN,FAM,NFQ-MGB,25.50568199,25.70926857,0.287914902,,,,FALSE,0.02,TRUE,3,23,,N,N,Y
1,A12,Neg.Con,C,NTC,VIC,NFQ-MGB,Undetermined,,,,,,FALSE,0.02,TRUE,3,39,,N,N,N
1,A12,Neg.Con,D,NTC,FAM,NFQ-MGB,Undetermined,,,,,,FALSE,0.02,TRUE,3,39,,N,N,N
1,B1,AH15,C,UNKNOWN,VIC,NFQ-MGB,Undetermined,,,,,,FALSE,0.02,TRUE,3,39,,N,N,Y
1,B1,AH15,D,UNKNOWN,FAM,NFQ-MGB,30.6754055,30.60782242,0.095576912,,,,FALSE,0.02,TRUE,3,29,,N,N,Y
1,B2,AH15,C,UNKNOWN,VIC,NFQ-MGB,Undetermined,,,,,,FALSE,0.02,TRUE,3,39,,N,N,Y
1,B2,AH15,D,UNKNOWN,FAM,NFQ-MGB,30.54023933,30.60782242,0.095576912,,,,FALSE,0.02,TRUE,3,29,,N,N,Y
1,B3,AH16,C,UNKNOWN,VIC,NFQ-MGB,Undetermined,,,,,,FALSE,0.02,TRUE,3,39,,N,N,Y
1,B3,AH16,D,UNKNOWN,FAM,NFQ-MGB,29.41943741,29.35998535,0.084076554,,,,FALSE,0.02,TRUE,3,27,,N,N,Y
1,B4,AH16,C,UNKNOWN,VIC,NFQ-MGB,Undetermined,,,,,,FALSE,0.02,TRUE,3,39,,N,N,Y
1,B4,AH16,D,UNKNOWN,FAM,NFQ-MGB,29.3005352,29.35998535,0.084076554,,,,FALSE,0.02,TRUE,3,27,,N,N,Y
1,B5,AH17,C,UNKNOWN,VIC,NFQ-MGB,35.98528671,36.49822235,0.725400507,,,,FALSE,0.02,TRUE,3,34,,Y,N,N
1,B5,AH17,D,UNKNOWN,FAM,NFQ-MGB,29.95553207,30.51726532,0.794410765,,,,FALSE,0.02,TRUE,3,28,,Y,N,N
1,B6,AH17,C,UNKNOWN,VIC,NFQ-MGB,37.01115799,36.49822235,0.725400507,,,,FALSE,0.02,TRUE,3,34,,Y,N,N
1,B6,AH17,D,UNKNOWN,FAM,NFQ-MGB,31.07899857,30.51726532,0.794410765,,,,FALSE,0.02,TRUE,3,29,,Y,N,N
1,B7,AH18,C,UNKNOWN,VIC,NFQ-MGB,Undetermined,,,,,,FALSE,0.02,TRUE,3,39,,Y,Y,Y
1,B7,AH18,D,UNKNOWN,FAM,NFQ-MGB,35.55124283,33.44608688,2.977140188,,,,FALSE,0.02,TRUE,3,34,,Y,Y,Y
1,B8,AH18,C,UNKNOWN,VIC,NFQ-MGB,Undetermined,,,,,,FALSE,0.02,TRUE,3,39,,Y,N,Y
1,B8,AH18,D,UNKNOWN,FAM,NFQ-MGB,31.34093094,33.44608688,2.977140188,,,,FALSE,0.02,TRUE,3,29,,Y,N,Y
1,B9,AH19,C,UNKNOWN,VIC,NFQ-MGB,Undetermined,,,,,,FALSE,0.02,TRUE,3,39,,N,Y,Y
1,B9,AH19,D,UNKNOWN,FAM,NFQ-MGB,30.64906311,30.45510483,0.274297088,,,,FALSE,0.02,TRUE,3,29,,N,Y,Y
1,B10,AH19,C,UNKNOWN,VIC,NFQ-MGB,Undetermined,,,,,,FALSE,0.02,TRUE,3,39,,N,N,Y
1,B10,AH19,D,UNKNOWN,FAM,NFQ-MGB,30.26114845,30.45510483,0.274297088,,,,FALSE,0.02,TRUE,3,28,,N,N,Y
1,B11,AH20,C,UNKNOWN,VIC,NFQ-MGB,Undetermined,,,,,,FALSE,0.02,TRUE,3,39,,N,N,Y
1,B11,AH20,D,UNKNOWN,FAM,NFQ-MGB,27.59053612,27.64155197,0.072148658,,,,FALSE,0.02,TRUE,3,25,,N,N,Y
1,B12,AH20,C,UNKNOWN,VIC,NFQ-MGB,Undetermined,,,,,,FALSE,0.02,TRUE,3,39,,N,N,Y
1,B12,AH20,D,UNKNOWN,FAM,NFQ-MGB,27.69256973,27.64155197,0.072148658,,,,FALSE,0.02,TRUE,3,26,,N,N,Y
1,C1,AH21,C,UNKNOWN,VIC,NFQ-MGB,36.39110565,36.39110565,,,,,FALSE,0.02,TRUE,3,34,,Y,N,N
1,C1,AH21,D,UNKNOWN,FAM,NFQ-MGB,27.5296917,29.35451889,2.58069396,,,,FALSE,0.02,TRUE,3,25,,Y,N,N
1,C2,AH21,C,UNKNOWN,VIC,NFQ-MGB,Undetermined,36.39110565,,,,,FALSE,0.02,TRUE,3,39,,Y,Y,Y
1,C2,AH21,D,UNKNOWN,FAM,NFQ-MGB,31.17934418,29.35451889,2.58069396,,,,FALSE,0.02,TRUE,3,29,,Y,Y,Y
1,C3,AH22,C,UNKNOWN,VIC,NFQ-MGB,Undetermined,,,,,,FALSE,0.02,TRUE,3,39,,N,N,Y
1,C3,AH22,D,UNKNOWN,FAM,NFQ-MGB,27.05636597,26.92340469,0.188035637,,,,FALSE,0.02,TRUE,3,25,,N,N,Y
1,C4,AH22,C,UNKNOWN,VIC,NFQ-MGB,Undetermined,,,,,,FALSE,0.02,TRUE,3,39,,N,N,Y
1,C4,AH22,D,UNKNOWN,FAM,NFQ-MGB,26.79044342,26.92340469,0.188035637,,,,FALSE,0.02,TRUE,3,25,,N,N,Y
1,C5,AH23,C,UNKNOWN,VIC,NFQ-MGB,Undetermined,,,,,,FALSE,0.02,TRUE,3,39,,N,N,Y
1,C5,AH23,D,UNKNOWN,FAM,NFQ-MGB,27.815382,27.65872574,0.221546769,,,,FALSE,0.02,TRUE,3,26,,N,N,Y
1,C6,AH23,C,UNKNOWN,VIC,NFQ-MGB,Undetermined,,,,,,FALSE,0.02,TRUE,3,37,,N,N,Y
1,C6,AH23,D,UNKNOWN,FAM,NFQ-MGB,27.50206757,27.65872574,0.221546769,,,,FALSE,0.02,TRUE,3,25,,N,N,Y
1,C7,AH24,C,UNKNOWN,VIC,NFQ-MGB,30.33905792,30.56860161,0.324623793,,,,FALSE,0.02,TRUE,3,29,,N,N,N
1,C7,AH24,D,UNKNOWN,FAM,NFQ-MGB,26.30891609,26.324049,0.021401158,,,,FALSE,0.02,TRUE,3,24,,N,N,N
1,C8,AH24,C,UNKNOWN,VIC,NFQ-MGB,30.79814529,30.56860161,0.324623793,,,,FALSE,0.02,TRUE,3,29,,N,N,N
1,C8,AH24,D,UNKNOWN,FAM,NFQ-MGB,26.3391819,26.324049,0.021401158,,,,FALSE,0.02,TRUE,3,24,,N,N,N
1,C9,AH25,C,UNKNOWN,VIC,NFQ-MGB,Undetermined,39.14448929,,,,,FALSE,0.02,TRUE,3,39,,N,N,Y
1,C9,AH25,D,UNKNOWN,FAM,NFQ-MGB,26.8838768,26.70733833,0.2496631,,,,FALSE,0.02,TRUE,3,25,,N,N,Y
1,C10,AH25,C,UNKNOWN,VIC,NFQ-MGB,39.14448929,39.14448929,,,,,FALSE,0.02,TRUE,3,35,,N,N,N
1,C10,AH25,D,UNKNOWN,FAM,NFQ-MGB,26.53079987,26.70733833,0.2496631,,,,FALSE,0.02,TRUE,3,25,,N,N,N
1,C11,AH26,C,UNKNOWN,VIC,NFQ-MGB,Undetermined,,,,,,FALSE,0.02,TRUE,3,39,,N,N,Y
1,C11,AH26,D,UNKNOWN,FAM,NFQ-MGB,30.54969597,30.33847809,0.298705846,,,,FALSE,0.02,TRUE,3,28,,N,N,Y
1,C12,AH26,C,UNKNOWN,VIC,NFQ-MGB,Undetermined,,,,,,FALSE,0.02,TRUE,3,39,,N,N,Y
1,C12,AH26,D,UNKNOWN,FAM,NFQ-MGB,30.12726212,30.33847809,0.298705846,,,,FALSE,0.02,TRUE,3,28,,N,N,Y
1,D1,AH28,C,UNKNOWN,VIC,NFQ-MGB,25.6328392,25.63056564,0.003216648,,,,FALSE,0.02,TRUE,3,24,,N,N,N
1,D1,AH28,D,UNKNOWN,FAM,NFQ-MGB,38.734272,38.734272,,,,,FALSE,0.02,TRUE,3,35,,N,N,N
1,D2,AH28,C,UNKNOWN,VIC,NFQ-MGB,25.62829018,25.63056564,0.003216648,,,,FALSE,0.02,TRUE,3,24,,N,N,Y
1,D2,AH28,D,UNKNOWN,FAM,NFQ-MGB,Undetermined,38.734272,,,,,FALSE,0.02,TRUE,3,39,,N,N,Y
1,D3,AH29,C,UNKNOWN,VIC,NFQ-MGB,Undetermined,,,,,,FALSE,0.02,TRUE,3,39,,Y,N,Y
1,D3,AH29,D,UNKNOWN,FAM,NFQ-MGB,27.27779198,26.92132187,0.504123509,,,,FALSE,0.02,TRUE,3,25,,Y,N,Y
1,D4,AH29,C,UNKNOWN,VIC,NFQ-MGB,Undetermined,,,,,,FALSE,0.02,TRUE,3,39,,Y,N,Y
1,D4,AH29,D,UNKNOWN,FAM,NFQ-MGB,26.56485367,26.92132187,0.504123509,,,,FALSE,0.02,TRUE,3,25,,Y,N,Y
1,D5,AH30,C,UNKNOWN,VIC,NFQ-MGB,26.3641777,26.36063766,0.00500772,,,,FALSE,0.02,TRUE,3,25,,N,N,Y
1,D5,AH30,D,UNKNOWN,FAM,NFQ-MGB,Undetermined,39.60113525,,,,,FALSE,0.02,TRUE,3,39,,N,N,Y
1,D6,AH30,C,UNKNOWN,VIC,NFQ-MGB,26.35709572,26.36063766,0.00500772,,,,FALSE,0.02,TRUE,3,25,,N,N,N
1,D6,AH30,D,UNKNOWN,FAM,NFQ-MGB,39.60113525,39.60113525,,,,,FALSE,0.02,TRUE,3,35,,N,N,N
1,D7,AH31,C,UNKNOWN,VIC,NFQ-MGB,28.99388313,28.79194641,0.285580307,,,,FALSE,0.02,TRUE,3,27,,N,N,N
1,D7,AH31,D,UNKNOWN,FAM,NFQ-MGB,27.02491188,26.88527679,0.19747518,,,,FALSE,0.02,TRUE,3,24,,N,N,N
1,D8,AH31,C,UNKNOWN,VIC,NFQ-MGB,28.5900116,28.79194641,0.285580307,,,,FALSE,0.02,TRUE,3,27,,N,N,N
1,D8,AH31,D,UNKNOWN,FAM,NFQ-MGB,26.7456398,26.88527679,0.19747518,,,,FALSE,0.02,TRUE,3,25,,N,N,N
1,D9,AH32,C,UNKNOWN,VIC,NFQ-MGB,Undetermined,,,,,,FALSE,0.02,TRUE,3,39,,N,N,Y
1,D9,AH32,D,UNKNOWN,FAM,NFQ-MGB,27.37419701,27.61422729,0.339455426,,,,FALSE,0.02,TRUE,3,25,,N,N,Y
1,D10,AH32,C,UNKNOWN,VIC,NFQ-MGB,Undetermined,,,,,,FALSE,0.02,TRUE,3,39,,N,N,Y
1,D10,AH32,D,UNKNOWN,FAM,NFQ-MGB,27.85425949,27.61422729,0.339455426,,,,FALSE,0.02,TRUE,3,26,,N,N,Y
1,D11,AH33,C,UNKNOWN,VIC,NFQ-MGB,25.82136345,26.52596664,0.996459424,,,,FALSE,0.02,TRUE,3,24,,Y,N,Y
1,D11,AH33,D,UNKNOWN,FAM,NFQ-MGB,Undetermined,,,,,,FALSE,0.02,TRUE,3,39,,Y,N,Y
1,D12,AH33,C,UNKNOWN,VIC,NFQ-MGB,27.23056984,26.52596664,0.996459424,,,,FALSE,0.02,TRUE,3,26,,Y,N,Y
1,D12,AH33,D,UNKNOWN,FAM,NFQ-MGB,Undetermined,,,,,,FALSE,0.02,TRUE,3,39,,Y,N,Y
1,E1,AH34,C,UNKNOWN,VIC,NFQ-MGB,24.93575859,24.93575859,,,,,FALSE,0.02,TRUE,3,23,,N,N,N
1,E1,AH34,D,UNKNOWN,FAM,NFQ-MGB,30.79791069,30.79791069,,,,,FALSE,0.02,TRUE,3,29,,N,N,N
1,E2,AH34,C,UNKNOWN,VIC,NFQ-MGB,Undetermined,24.93575859,,,,,FALSE,0.02,TRUE,3,39,,N,Y,Y
1,E2,AH34,D,UNKNOWN,FAM,NFQ-MGB,Undetermined,30.79791069,,,,,FALSE,0.02,TRUE,3,39,,N,Y,Y
1,E3,AH35,C,UNKNOWN,VIC,NFQ-MGB,26.50567818,26.5109024,0.007386825,,,,FALSE,0.02,TRUE,3,25,,N,N,N
1,E3,AH35,D,UNKNOWN,FAM,NFQ-MGB,30.09431458,30.17481232,0.113842346,,,,FALSE,0.02,TRUE,3,28,,N,N,N
1,E4,AH35,C,UNKNOWN,VIC,NFQ-MGB,26.51612473,26.5109024,0.007386825,,,,FALSE,0.02,TRUE,3,25,,N,N,N
1,E4,AH35,D,UNKNOWN,FAM,NFQ-MGB,30.25531197,30.17481232,0.113842346,,,,FALSE,0.02,TRUE,3,28,,N,N,N
1,E5,AH36,C,UNKNOWN,VIC,NFQ-MGB,25.83036995,25.67737198,0.21637316,,,,FALSE,0.02,TRUE,3,24,,N,N,Y
1,E5,AH36,D,UNKNOWN,FAM,NFQ-MGB,Undetermined,,,,,,FALSE,0.02,TRUE,3,39,,N,N,Y
1,E6,AH36,C,UNKNOWN,VIC,NFQ-MGB,25.5243721,25.67737198,0.21637316,,,,FALSE,0.02,TRUE,3,24,,N,N,Y
1,E6,AH36,D,UNKNOWN,FAM,NFQ-MGB,Undetermined,,,,,,FALSE,0.02,TRUE,3,39,,N,N,Y
1,E7,AH38,C,UNKNOWN,VIC,NFQ-MGB,Undetermined,,,,,,FALSE,0.02,TRUE,3,39,,Y,N,Y
1,E7,AH38,D,UNKNOWN,FAM,NFQ-MGB,27.95448685,27.58233261,0.526304245,,,,FALSE,0.02,TRUE,3,26,,Y,N,Y
1,E8,AH38,C,UNKNOWN,VIC,NFQ-MGB,Undetermined,,,,,,FALSE,0.02,TRUE,3,39,,Y,N,Y
1,E8,AH38,D,UNKNOWN,FAM,NFQ-MGB,27.21018028,27.58233261,0.526304245,,,,FALSE,0.02,TRUE,3,25,,Y,N,Y
1,E9,AH39,C,UNKNOWN,VIC,NFQ-MGB,28.69943237,29.78965759,1.541809916,,,,FALSE,0.02,TRUE,3,27,,Y,N,Y
1,E9,AH39,D,UNKNOWN,FAM,NFQ-MGB,Undetermined,,,,,,FALSE,0.02,TRUE,3,39,,Y,N,Y
1,E10,AH39,C,UNKNOWN,VIC,NFQ-MGB,30.87988091,29.78965759,1.541809916,,,,FALSE,0.02,TRUE,3,28,,Y,N,Y
1,E10,AH39,D,UNKNOWN,FAM,NFQ-MGB,Undetermined,,,,,,FALSE,0.02,TRUE,3,39,,Y,N,Y
1,E11,AH40,C,UNKNOWN,VIC,NFQ-MGB,39.70732117,39.45484924,0.357051909,,,,FALSE,0.02,TRUE,3,37,,N,N,Y
1,E11,AH40,D,UNKNOWN,FAM,NFQ-MGB,26.71820068,26.85330772,0.191070214,,,,FALSE,0.02,TRUE,3,25,,N,N,Y
1,E12,AH40,C,UNKNOWN,VIC,NFQ-MGB,39.2023735,39.45484924,0.357051909,,,,FALSE,0.02,TRUE,3,35,,N,N,N
1,E12,AH40,D,UNKNOWN,FAM,NFQ-MGB,26.98841476,26.85330772,0.191070214,,,,FALSE,0.02,TRUE,3,25,,N,N,N
1,F1,AH41,C,UNKNOWN,VIC,NFQ-MGB,39.89712906,39.89712906,,,,,FALSE,0.02,TRUE,3,37,,Y,N,Y
1,F1,AH41,D,UNKNOWN,FAM,NFQ-MGB,28.97792435,28.39629745,0.822543263,,,,FALSE,0.02,TRUE,3,26,,Y,N,Y
1,F2,AH41,C,UNKNOWN,VIC,NFQ-MGB,Undetermined,39.89712906,,,,,FALSE,0.02,TRUE,3,39,,Y,N,Y
1,F2,AH41,D,UNKNOWN,FAM,NFQ-MGB,27.81467247,28.39629745,0.822543263,,,,FALSE,0.02,TRUE,3,25,,Y,N,Y
1,F3,AH42,C,UNKNOWN,VIC,NFQ-MGB,Undetermined,,,,,,FALSE,0.02,TRUE,3,39,,Y,N,Y
1,F3,AH42,D,UNKNOWN,FAM,NFQ-MGB,26.77232361,28.63766861,2.637997627,,,,FALSE,0.02,TRUE,3,25,,Y,N,Y
1,F4,AH42,C,UNKNOWN,VIC,NFQ-MGB,Undetermined,,,,,,FALSE,0.02,TRUE,3,39,,Y,Y,Y
1,F4,AH42,D,UNKNOWN,FAM,NFQ-MGB,30.50301552,28.63766861,2.637997627,,,,FALSE,0.02,TRUE,3,29,,Y,Y,Y
1,F5,AH43,C,UNKNOWN,VIC,NFQ-MGB,Undetermined,,,,,,FALSE,0.02,TRUE,3,39,,N,Y,Y
1,F5,AH43,D,UNKNOWN,FAM,NFQ-MGB,Undetermined,28.22428131,,,,,FALSE,0.02,TRUE,3,39,,N,Y,Y
1,F6,AH43,C,UNKNOWN,VIC,NFQ-MGB,Undetermined,,,,,,FALSE,0.02,TRUE,3,38,,N,N,Y
1,F6,AH43,D,UNKNOWN,FAM,NFQ-MGB,28.22428131,28.22428131,,,,,FALSE,0.02,TRUE,3,26,,N,N,Y
1,F7,AH44,C,UNKNOWN,VIC,NFQ-MGB,Undetermined,,,,,,FALSE,0.02,TRUE,3,39,,N,N,Y
1,F7,AH44,D,UNKNOWN,FAM,NFQ-MGB,26.47878265,26.54036331,0.087086856,,,,FALSE,0.02,TRUE,3,25,,N,N,Y
1,F8,AH44,C,UNKNOWN,VIC,NFQ-MGB,Undetermined,,,,,,FALSE,0.02,TRUE,3,39,,N,N,Y
1,F8,AH44,D,UNKNOWN,FAM,NFQ-MGB,26.60194206,26.54036331,0.087086856,,,,FALSE,0.02,TRUE,3,25,,N,N,Y
1,F9,AH45,C,UNKNOWN,VIC,NFQ-MGB,Undetermined,,,,,,FALSE,0.02,TRUE,3,39,,Y,N,Y
1,F9,AH45,D,UNKNOWN,FAM,NFQ-MGB,25.72283936,26.12941742,0.574986875,,,,FALSE,0.02,TRUE,3,24,,Y,N,Y
1,F10,AH45,C,UNKNOWN,VIC,NFQ-MGB,Undetermined,,,,,,FALSE,0.02,TRUE,3,39,,Y,N,Y
1,F10,AH45,D,UNKNOWN,FAM,NFQ-MGB,26.53599358,26.12941742,0.574986875,,,,FALSE,0.02,TRUE,3,25,,Y,N,Y
1,F11,AH46,C,UNKNOWN,VIC,NFQ-MGB,Undetermined,,,,,,FALSE,0.02,TRUE,3,39,,Y,N,Y
1,F11,AH46,D,UNKNOWN,FAM,NFQ-MGB,26.54428673,26.93400192,0.551139176,,,,FALSE,0.02,TRUE,3,25,,Y,N,Y
1,F12,AH46,C,UNKNOWN,VIC,NFQ-MGB,Undetermined,,,,,,FALSE,0.02,TRUE,3,39,,Y,N,Y
1,F12,AH46,D,UNKNOWN,FAM,NFQ-MGB,27.32371521,26.93400192,0.551139176,,,,FALSE,0.02,TRUE,3,25,,Y,N,Y
1,G1,AH47,C,UNKNOWN,VIC,NFQ-MGB,Undetermined,,,,,,FALSE,0.02,TRUE,3,39,,Y,N,Y
1,G1,AH47,D,UNKNOWN,FAM,NFQ-MGB,26.18767738,25.7918663,0.559760034,,,,FALSE,0.02,TRUE,3,24,,Y,N,Y
1,G2,AH47,C,UNKNOWN,VIC,NFQ-MGB,Undetermined,,,,,,FALSE,0.02,TRUE,3,39,,Y,N,Y
1,G2,AH47,D,UNKNOWN,FAM,NFQ-MGB,25.39605713,25.7918663,0.559760034,,,,FALSE,0.02,TRUE,3,23,,Y,N,Y
1,G3,AH48,C,UNKNOWN,VIC,NFQ-MGB,Undetermined,,,,,,FALSE,0.02,TRUE,3,38,,Y,N,Y
1,G3,AH48,D,UNKNOWN,FAM,NFQ-MGB,27.56664085,28.23394203,0.943706393,,,,FALSE,0.02,TRUE,3,25,,Y,N,Y
1,G4,AH48,C,UNKNOWN,VIC,NFQ-MGB,Undetermined,,,,,,FALSE,0.02,TRUE,3,39,,Y,Y,Y
1,G4,AH48,D,UNKNOWN,FAM,NFQ-MGB,28.90124321,28.23394203,0.943706393,,,,FALSE,0.02,TRUE,3,27,,Y,Y,Y
1,G5,AH49,C,UNKNOWN,VIC,NFQ-MGB,Undetermined,,,,,,FALSE,0.02,TRUE,3,39,,Y,N,Y
1,G5,AH49,D,UNKNOWN,FAM,NFQ-MGB,28.26447868,27.43048859,1.179441452,,,,FALSE,0.02,TRUE,3,26,,Y,N,Y
1,G6,AH49,C,UNKNOWN,VIC,NFQ-MGB,Undetermined,,,,,,FALSE,0.02,TRUE,3,39,,Y,N,Y
1,G6,AH49,D,UNKNOWN,FAM,NFQ-MGB,26.59649658,27.43048859,1.179441452,,,,FALSE,0.02,TRUE,3,25,,Y,N,Y
1,G7,AH50,C,UNKNOWN,VIC,NFQ-MGB,Undetermined,,,,,,FALSE,0.02,TRUE,3,39,,N,N,Y
1,G7,AH50,D,UNKNOWN,FAM,NFQ-MGB,32.31042862,32.07872772,0.327671856,,,,FALSE,0.02,TRUE,3,31,,N,N,Y
1,G8,AH50,C,UNKNOWN,VIC,NFQ-MGB,Undetermined,,,,,,FALSE,0.02,TRUE,3,39,,N,Y,Y
1,G8,AH50,D,UNKNOWN,FAM,NFQ-MGB,31.84703064,32.07872772,0.327671856,,,,FALSE,0.02,TRUE,3,30,,N,Y,Y
1,G9,AH51,C,UNKNOWN,VIC,NFQ-MGB,Undetermined,39.2844162,,,,,FALSE,0.02,TRUE,3,35,,Y,Y,N
1,G9,AH51,D,UNKNOWN,FAM,NFQ-MGB,30.50054169,29.94865036,0.780492187,,,,FALSE,0.02,TRUE,3,29,,Y,Y,N
1,G10,AH51,C,UNKNOWN,VIC,NFQ-MGB,39.2844162,39.2844162,,,,,FALSE,0.02,TRUE,3,35,,Y,N,N
1,G10,AH51,D,UNKNOWN,FAM,NFQ-MGB,29.39675903,29.94865036,0.780492187,,,,FALSE,0.02,TRUE,3,27,,Y,N,N
1,G11,AH52,C,UNKNOWN,VIC,NFQ-MGB,32.4333992,32.4333992,,,,,FALSE,0.02,TRUE,3,31,,N,N,N
1,G11,AH52,D,UNKNOWN,FAM,NFQ-MGB,33.77704239,33.77704239,,,,,FALSE,0.02,TRUE,3,32,,N,N,N
1,G12,AH52,C,UNKNOWN,VIC,NFQ-MGB,,,,,,,FALSE,0.02,TRUE,3,15,,N,N,N
1,G12,AH52,D,UNKNOWN,FAM,NFQ-MGB,,,,,,,FALSE,0.02,TRUE,3,15,,N,N,N
1,H1,Neg.Con,C,NTC,VIC,NFQ-MGB,Undetermined,,,,,,FALSE,0.02,TRUE,3,39,,N,N,N
1,H1,Neg.Con,D,NTC,FAM,NFQ-MGB,Undetermined,,,,,,FALSE,0.02,TRUE,3,39,,N,N,N
1,H2,AH53,C,UNKNOWN,VIC,NFQ-MGB,Undetermined,,,,,,FALSE,0.02,TRUE,3,39,,N,N,Y
1,H2,AH53,D,UNKNOWN,FAM,NFQ-MGB,30.78421021,30.74694633,0.05269907,,,,FALSE,0.02,TRUE,3,29,,N,N,Y
1,H3,AH53,C,UNKNOWN,VIC,NFQ-MGB,Undetermined,,,,,,FALSE,0.02,TRUE,3,36,,N,N,N
1,H3,AH53,D,UNKNOWN,FAM,NFQ-MGB,30.70968246,30.74694633,0.05269907,,,,FALSE,0.02,TRUE,3,29,,N,N,N
1,H4,AH54,C,UNKNOWN,VIC,NFQ-MGB,Undetermined,,,,,,FALSE,0.02,TRUE,3,39,,N,N,Y
1,H4,AH54,D,UNKNOWN,FAM,NFQ-MGB,30.2699337,30.48461151,0.303601623,,,,FALSE,0.02,TRUE,3,28,,N,N,Y
1,H5,AH54,C,UNKNOWN,VIC,NFQ-MGB,Undetermined,,,,,,FALSE,0.02,TRUE,3,39,,N,Y,Y
1,H5,AH54,D,UNKNOWN,FAM,NFQ-MGB,30.69929123,30.48461151,0.303601623,,,,FALSE,0.02,TRUE,3,29,,N,Y,Y
1,H6,AH55,C,UNKNOWN,VIC,NFQ-MGB,37.98852539,38.66539764,0.957241893,,,,FALSE,0.02,TRUE,3,35,,Y,N,N
1,H6,AH55,D,UNKNOWN,FAM,NFQ-MGB,31.72607422,31.73646545,0.014696775,,,,FALSE,0.02,TRUE,3,30,,Y,N,N
1,H7,AH55,C,UNKNOWN,VIC,NFQ-MGB,39.3422699,38.66539764,0.957241893,,,,FALSE,0.02,TRUE,3,35,,Y,N,N
1,H7,AH55,D,UNKNOWN,FAM,NFQ-MGB,31.7468586,31.73646545,0.014696775,,,,FALSE,0.02,TRUE,3,30,,Y,N,N
1,H8,AH56,C,UNKNOWN,VIC,NFQ-MGB,Undetermined,,,,,,FALSE,0.02,TRUE,3,39,,N,Y,Y
1,H8,AH56,D,UNKNOWN,FAM,NFQ-MGB,31.5071373,31.47588348,0.044200916,,,,FALSE,0.02,TRUE,3,30,,N,Y,Y
1,H9,AH56,C,UNKNOWN,VIC,NFQ-MGB,Undetermined,,,,,,FALSE,0.02,TRUE,3,39,,N,Y,Y
1,H9,AH56,D,UNKNOWN,FAM,NFQ-MGB,31.44462776,31.47588348,0.044200916,,,,FALSE,0.02,TRUE,3,29,,N,Y,Y
1,H10,AH57,C,UNKNOWN,VIC,NFQ-MGB,34.41387939,35.34664917,1.319138408,,,,FALSE,0.02,TRUE,3,33,,Y,N,Y
1,H10,AH57,D,UNKNOWN,FAM,NFQ-MGB,Undetermined,,,,,,FALSE,0.02,TRUE,3,39,,Y,N,Y
1,H11,AH57,C,UNKNOWN,VIC,NFQ-MGB,36.27942276,35.34664917,1.319138408,,,,FALSE,0.02,TRUE,3,34,,Y,N,Y
1,H11,AH57,D,UNKNOWN,FAM,NFQ-MGB,Undetermined,,,,,,FALSE,0.02,TRUE,3,39,,Y,N,Y
1,H12,Neg.Con,C,NTC,VIC,NFQ-MGB,Undetermined,,,,,,FALSE,0.02,TRUE,3,39,,N,N,N
1,H12,Neg.Con,D,NTC,FAM,NFQ-MGB,Undetermined,,,,,,FALSE,0.02,TRUE,3,39,,N,N,N
2,A1,NEGCON,C,NTC,VIC,NFQ-MGB,Undetermined,,,,,,FALSE,0.02,TRUE,3,39,,N,N,N
2,A1,NEGCON,D,NTC,FAM,NFQ-MGB,Undetermined,,,,,,FALSE,0.02,TRUE,3,39,,N,N,N
2,A2,AH58,C,UNKNOWN,VIC,NFQ-MGB,39.73065948,39.73065948,,,,,FALSE,0.02,TRUE,3,35,,N,N,N
2,A2,AH58,D,UNKNOWN,FAM,NFQ-MGB,34.21476746,33.95209503,0.371477604,,,,FALSE,0.02,TRUE,3,32,,N,N,N
2,A3,AH58,C,UNKNOWN,VIC,NFQ-MGB,Undetermined,39.73065948,,,,,FALSE,0.02,TRUE,3,39,,N,Y,Y
2,A3,AH58,D,UNKNOWN,FAM,NFQ-MGB,33.68941879,33.95209503,0.371477604,,,,FALSE,0.02,TRUE,3,32,,N,Y,Y
2,A4,AH59,C,UNKNOWN,VIC,NFQ-MGB,Undetermined,,,,,,FALSE,0.02,TRUE,3,39,,N,Y,Y
2,A4,AH59,D,UNKNOWN,FAM,NFQ-MGB,33.14881134,33.07003784,0.111402549,,,,FALSE,0.02,TRUE,3,31,,N,Y,Y
2,A5,AH59,C,UNKNOWN,VIC,NFQ-MGB,Undetermined,,,,,,FALSE,0.02,TRUE,3,39,,N,Y,Y
2,A5,AH59,D,UNKNOWN,FAM,NFQ-MGB,32.99126434,33.07003784,0.111402549,,,,FALSE,0.02,TRUE,3,31,,N,Y,Y
2,A6,AH60,C,UNKNOWN,VIC,NFQ-MGB,Undetermined,,,,,,FALSE,0.02,TRUE,3,38,,Y,Y,Y
2,A6,AH60,D,UNKNOWN,FAM,NFQ-MGB,35.94886017,35.57182312,0.533210933,,,,FALSE,0.02,TRUE,3,34,,Y,Y,Y
2,A7,AH60,C,UNKNOWN,VIC,NFQ-MGB,Undetermined,,,,,,FALSE,0.02,TRUE,3,39,,Y,Y,Y
2,A7,AH60,D,UNKNOWN,FAM,NFQ-MGB,35.19478607,35.57182312,0.533210933,,,,FALSE,0.02,TRUE,3,33,,Y,Y,Y
2,A8,AH61,C,UNKNOWN,VIC,NFQ-MGB,Undetermined,39.83363342,,,,,FALSE,0.02,TRUE,3,39,,Y,Y,Y
2,A8,AH61,D,UNKNOWN,FAM,NFQ-MGB,33.63333893,32.91295242,1.018780351,,,,FALSE,0.02,TRUE,3,32,,Y,Y,Y
2,A9,AH61,C,UNKNOWN,VIC,NFQ-MGB,39.83363342,39.83363342,,,,,FALSE,0.02,TRUE,3,35,,Y,N,N
2,A9,AH61,D,UNKNOWN,FAM,NFQ-MGB,32.19256592,32.91295242,1.018780351,,,,FALSE,0.02,TRUE,3,30,,Y,N,N
2,A10,AH62,C,UNKNOWN,VIC,NFQ-MGB,Undetermined,,,,,,FALSE,0.02,TRUE,3,39,,N,Y,Y
2,A10,AH62,D,UNKNOWN,FAM,NFQ-MGB,30.20867538,30.40241241,0.273986876,,,,FALSE,0.02,TRUE,3,29,,N,Y,Y
2,A11,AH62,C,UNKNOWN,VIC,NFQ-MGB,Undetermined,,,,,,FALSE,0.02,TRUE,3,39,,N,Y,Y
2,A11,AH62,D,UNKNOWN,FAM,NFQ-MGB,30.59615135,30.40241241,0.273986876,,,,FALSE,0.02,TRUE,3,29,,N,Y,Y
2,A12,NEGCON,C,NTC,VIC,NFQ-MGB,Undetermined,,,,,,FALSE,0.02,TRUE,3,39,,N,N,N
2,A12,NEGCON,D,NTC,FAM,NFQ-MGB,Undetermined,,,,,,FALSE,0.02,TRUE,3,39,,N,N,N
2,B1,AH63,C,UNKNOWN,VIC,NFQ-MGB,Undetermined,,,,,,FALSE,0.02,TRUE,3,39,,Y,Y,Y
2,B1,AH63,D,UNKNOWN,FAM,NFQ-MGB,35.44878387,34.99191666,0.646107793,,,,FALSE,0.02,TRUE,3,34,,Y,Y,Y
2,B2,AH63,C,UNKNOWN,VIC,NFQ-MGB,Undetermined,,,,,,FALSE,0.02,TRUE,3,39,,Y,Y,Y
2,B2,AH63,D,UNKNOWN,FAM,NFQ-MGB,34.53504944,34.99191666,0.646107793,,,,FALSE,0.02,TRUE,3,33,,Y,Y,Y
2,B3,AH64,C,UNKNOWN,VIC,NFQ-MGB,34.47057343,35.02421951,0.782973826,,,,FALSE,0.02,TRUE,3,32,,Y,N,N
2,B3,AH64,D,UNKNOWN,FAM,NFQ-MGB,34.68117142,36.08246231,1.98172462,,,,FALSE,0.02,TRUE,3,33,,Y,N,N
2,B4,AH64,C,UNKNOWN,VIC,NFQ-MGB,35.5778656,35.02421951,0.782973826,,,,FALSE,0.02,TRUE,3,34,,Y,N,N
2,B4,AH64,D,UNKNOWN,FAM,NFQ-MGB,37.4837532,36.08246231,1.98172462,,,,FALSE,0.02,TRUE,3,35,,Y,N,N
2,B5,AH65,C,UNKNOWN,VIC,NFQ-MGB,35.30165482,34.42827225,1.235149503,,,,FALSE,0.02,TRUE,3,34,,Y,N,N
2,B5,AH65,D,UNKNOWN,FAM,NFQ-MGB,33.7387619,33.2457428,0.697234333,,,,FALSE,0.02,TRUE,3,32,,Y,N,N
2,B6,AH65,C,UNKNOWN,VIC,NFQ-MGB,33.55488968,34.42827225,1.235149503,,,,FALSE,0.02,TRUE,3,32,,Y,N,N
2,B6,AH65,D,UNKNOWN,FAM,NFQ-MGB,32.75272369,33.2457428,0.697234333,,,,FALSE,0.02,TRUE,3,31,,Y,N,N
2,B7,AH66,C,UNKNOWN,VIC,NFQ-MGB,Undetermined,,,,,,FALSE,0.02,TRUE,3,39,,N,Y,Y
2,B7,AH66,D,UNKNOWN,FAM,NFQ-MGB,30.4075222,30.41818428,0.015078456,,,,FALSE,0.02,TRUE,3,28,,N,Y,Y
2,B8,AH66,C,UNKNOWN,VIC,NFQ-MGB,Undetermined,,,,,,FALSE,0.02,TRUE,3,39,,N,Y,Y
2,B8,AH66,D,UNKNOWN,FAM,NFQ-MGB,30.42884636,30.41818428,0.015078456,,,,FALSE,0.02,TRUE,3,29,,N,Y,Y
2,B9,AH67,C,UNKNOWN,VIC,NFQ-MGB,Undetermined,,,,,,FALSE,0.02,TRUE,3,39,,N,Y,Y
2,B9,AH67,D,UNKNOWN,FAM,NFQ-MGB,32.30090332,32.26957321,0.044307463,,,,FALSE,0.02,TRUE,3,31,,N,Y,Y
2,B10,AH67,C,UNKNOWN,VIC,NFQ-MGB,Undetermined,,,,,,FALSE,0.02,TRUE,3,39,,N,Y,Y
2,B10,AH67,D,UNKNOWN,FAM,NFQ-MGB,32.2382431,32.26957321,0.044307463,,,,FALSE,0.02,TRUE,3,31,,N,Y,Y
2,B11,AH68,C,UNKNOWN,VIC,NFQ-MGB,Undetermined,,,,,,FALSE,0.02,TRUE,3,39,,N,Y,Y
2,B11,AH68,D,UNKNOWN,FAM,NFQ-MGB,30.24897194,30.43236351,0.25935486,,,,FALSE,0.02,TRUE,3,28,,N,Y,Y
2,B12,AH68,C,UNKNOWN,VIC,NFQ-MGB,Undetermined,,,,,,FALSE,0.02,TRUE,3,39,,N,Y,Y
2,B12,AH68,D,UNKNOWN,FAM,NFQ-MGB,30.61575508,30.43236351,0.25935486,,,,FALSE,0.02,TRUE,3,29,,N,Y,Y
2,C1,AH69,C,UNKNOWN,VIC,NFQ-MGB,Undetermined,,,,,,FALSE,0.02,TRUE,3,39,,N,Y,Y
2,C1,AH69,D,UNKNOWN,FAM,NFQ-MGB,31.13215256,31.02765465,0.147782356,,,,FALSE,0.02,TRUE,3,29,,N,Y,Y
2,C2,AH69,C,UNKNOWN,VIC,NFQ-MGB,Undetermined,,,,,,FALSE,0.02,TRUE,3,39,,N,Y,Y
2,C2,AH69,D,UNKNOWN,FAM,NFQ-MGB,30.92315674,31.02765465,0.147782356,,,,FALSE,0.02,TRUE,3,29,,N,Y,Y
2,C3,AH70,C,UNKNOWN,VIC,NFQ-MGB,27.66661644,27.87973785,0.301399201,,,,FALSE,0.02,TRUE,3,26,,N,N,N
2,C3,AH70,D,UNKNOWN,FAM,NFQ-MGB,37.18451309,37.18451309,,,,,FALSE,0.02,TRUE,3,35,,N,N,N
2,C4,AH70,C,UNKNOWN,VIC,NFQ-MGB,28.09285927,27.87973785,0.301399201,,,,FALSE,0.02,TRUE,3,27,,N,Y,Y
2,C4,AH70,D,UNKNOWN,FAM,NFQ-MGB,Undetermined,37.18451309,,,,,FALSE,0.02,TRUE,3,39,,N,Y,Y
2,C5,AH71,C,UNKNOWN,VIC,NFQ-MGB,30.69299507,29.87661743,1.154533625,,,,FALSE,0.02,TRUE,3,29,,Y,Y,Y
2,C5,AH71,D,UNKNOWN,FAM,NFQ-MGB,Undetermined,,,,,,FALSE,0.02,TRUE,3,39,,Y,Y,Y
2,C6,AH71,C,UNKNOWN,VIC,NFQ-MGB,29.06023788,29.87661743,1.154533625,,,,FALSE,0.02,TRUE,3,27,,Y,Y,Y
2,C6,AH71,D,UNKNOWN,FAM,NFQ-MGB,Undetermined,,,,,,FALSE,0.02,TRUE,3,39,,Y,Y,Y
2,C7,AH72,C,UNKNOWN,VIC,NFQ-MGB,26.65841675,26.691185,0.046341304,,,,FALSE,0.02,TRUE,3,25,,N,N,N
2,C7,AH72,D,UNKNOWN,FAM,NFQ-MGB,28.38898277,28.29666901,0.130551383,,,,FALSE,0.02,TRUE,3,27,,N,N,N
2,C8,AH72,C,UNKNOWN,VIC,NFQ-MGB,26.72395325,26.691185,0.046341304,,,,FALSE,0.02,TRUE,3,25,,N,N,N
2,C8,AH72,D,UNKNOWN,FAM,NFQ-MGB,28.20435524,28.29666901,0.130551383,,,,FALSE,0.02,TRUE,3,26,,N,N,N
2,C9,AH73,C,UNKNOWN,VIC,NFQ-MGB,38.56779861,38.42921448,0.195987567,,,,FALSE,0.02,TRUE,3,35,,Y,N,N
2,C9,AH73,D,UNKNOWN,FAM,NFQ-MGB,32.73061371,33.4467659,1.01279211,,,,FALSE,0.02,TRUE,3,31,,Y,N,N
2,C10,AH73,C,UNKNOWN,VIC,NFQ-MGB,38.29063034,38.42921448,0.195987567,,,,FALSE,0.02,TRUE,3,35,,Y,N,N
2,C10,AH73,D,UNKNOWN,FAM,NFQ-MGB,34.16291809,33.4467659,1.01279211,,,,FALSE,0.02,TRUE,3,33,,Y,N,N
2,C11,AH74,C,UNKNOWN,VIC,NFQ-MGB,Undetermined,,,,,,FALSE,0.02,TRUE,3,39,,Y,Y,Y
2,C11,AH74,D,UNKNOWN,FAM,NFQ-MGB,33.95820618,34.47018433,0.724046469,,,,FALSE,0.02,TRUE,3,32,,Y,Y,Y
2,C12,AH74,C,UNKNOWN,VIC,NFQ-MGB,Undetermined,,,,,,FALSE,0.02,TRUE,3,39,,Y,Y,Y
2,C12,AH74,D,UNKNOWN,FAM,NFQ-MGB,34.98216248,34.47018433,0.724046469,,,,FALSE,0.02,TRUE,3,33,,Y,Y,Y
2,D1,AH75,C,UNKNOWN,VIC,NFQ-MGB,38.04362488,37.6223793,0.595731199,,,,FALSE,0.02,TRUE,3,35,,Y,N,N
2,D1,AH75,D,UNKNOWN,FAM,NFQ-MGB,32.83029175,32.17668915,0.924333632,,,,FALSE,0.02,TRUE,3,31,,Y,N,N
2,D2,AH75,C,UNKNOWN,VIC,NFQ-MGB,37.20113373,37.6223793,0.595731199,,,,FALSE,0.02,TRUE,3,35,,Y,N,N
2,D2,AH75,D,UNKNOWN,FAM,NFQ-MGB,31.52308655,32.17668915,0.924333632,,,,FALSE,0.02,TRUE,3,30,,Y,N,N
2,D3,AH76,C,UNKNOWN,VIC,NFQ-MGB,Undetermined,38.25263214,,,,,FALSE,0.02,TRUE,3,39,,N,N,Y
2,D3,AH76,D,UNKNOWN,FAM,NFQ-MGB,27.13297081,27.04862595,0.11928165,,,,FALSE,0.02,TRUE,3,26,,N,N,Y
2,D4,AH76,C,UNKNOWN,VIC,NFQ-MGB,38.25263214,38.25263214,,,,,FALSE,0.02,TRUE,3,35,,N,N,N
2,D4,AH76,D,UNKNOWN,FAM,NFQ-MGB,26.96428108,27.04862595,0.11928165,,,,FALSE,0.02,TRUE,3,25,,N,N,N
2,D5,AH77,C,UNKNOWN,VIC,NFQ-MGB,,,,,,,FALSE,0.02,TRUE,3,15,,N,N,N
2,D5,AH77,D,UNKNOWN,FAM,NFQ-MGB,,,,,,,FALSE,0.02,TRUE,3,15,,N,N,N
2,D6,AH77,C,UNKNOWN,VIC,NFQ-MGB,38.87931824,38.87931824,,,,,FALSE,0.02,TRUE,3,35,,N,N,N
2,D6,AH77,D,UNKNOWN,FAM,NFQ-MGB,31.63648033,31.63648033,,,,,FALSE,0.02,TRUE,3,30,,N,N,N
2,D7,AH78,C,UNKNOWN,VIC,NFQ-MGB,Undetermined,,,,,,FALSE,0.02,TRUE,3,39,,N,N,Y
2,D7,AH78,D,UNKNOWN,FAM,NFQ-MGB,27.72981262,27.76822281,0.05431886,,,,FALSE,0.02,TRUE,3,26,,N,N,Y
2,D8,AH78,C,UNKNOWN,VIC,NFQ-MGB,Undetermined,,,,,,FALSE,0.02,TRUE,3,39,,N,N,Y
2,D8,AH78,D,UNKNOWN,FAM,NFQ-MGB,27.80663109,27.76822281,0.05431886,,,,FALSE,0.02,TRUE,3,26,,N,N,Y
2,D9,AH79,C,UNKNOWN,VIC,NFQ-MGB,Undetermined,,,,,,FALSE,0.02,TRUE,3,39,,Y,Y,Y
2,D9,AH79,D,UNKNOWN,FAM,NFQ-MGB,36.62005997,35.59952545,1.443256497,,,,FALSE,0.02,TRUE,3,35,,Y,Y,Y
2,D10,AH79,C,UNKNOWN,VIC,NFQ-MGB,Undetermined,,,,,,FALSE,0.02,TRUE,3,39,,Y,Y,Y
2,D10,AH79,D,UNKNOWN,FAM,NFQ-MGB,34.57898712,35.59952545,1.443256497,,,,FALSE,0.02,TRUE,3,33,,Y,Y,Y
2,D11,NEGCON,C,NTC,VIC,NFQ-MGB,Undetermined,,,,,,FALSE,0.02,TRUE,3,39,,N,N,N
2,D11,NEGCON,D,NTC,FAM,NFQ-MGB,Undetermined,,,,,,FALSE,0.02,TRUE,3,39,,N,N,N
2,D12,NEGCON,C,NTC,VIC,NFQ-MGB,Undetermined,,,,,,FALSE,0.02,TRUE,3,39,,N,N,N
2,D12,NEGCON,D,NTC,FAM,NFQ-MGB,Undetermined,,,,,,FALSE,0.02,TRUE,3,39,,N,N,N
3,A1,NEGCON,C,NTC,VIC,NFQ-MGB,Undetermined,,,,,,FALSE,0.02,TRUE,3,39,,N,N,N
3,A1,NEGCON,D,NTC,FAM,NFQ-MGB,Undetermined,,,,,,FALSE,0.02,TRUE,3,39,,N,N,N
3,A2,AH80,C,UNKNOWN,VIC,NFQ-MGB,Undetermined,,,,,,FALSE,0.02,TRUE,3,39,,N,N,Y
3,A2,AH80,D,UNKNOWN,FAM,NFQ-MGB,29.53782272,29.47602844,0.08739166,,,,FALSE,0.02,TRUE,3,28,,N,N,Y
3,A3,AH80,C,UNKNOWN,VIC,NFQ-MGB,Undetermined,,,,,,FALSE,0.02,TRUE,3,39,,N,N,Y
3,A3,AH80,D,UNKNOWN,FAM,NFQ-MGB,29.41423225,29.47602844,0.08739166,,,,FALSE,0.02,TRUE,3,27,,N,N,Y
3,A4,AH81,C,UNKNOWN,VIC,NFQ-MGB,Undetermined,39.89974976,,,,,FALSE,0.02,TRUE,3,39,,N,Y,Y
3,A4,AH81,D,UNKNOWN,FAM,NFQ-MGB,29.82019424,29.99221039,0.243268907,,,,FALSE,0.02,TRUE,3,28,,N,Y,Y
3,A5,AH81,C,UNKNOWN,VIC,NFQ-MGB,39.89974976,39.89974976,,,,,FALSE,0.02,TRUE,3,38,,N,N,Y
3,A5,AH81,D,UNKNOWN,FAM,NFQ-MGB,30.16422844,29.99221039,0.243268907,,,,FALSE,0.02,TRUE,3,28,,N,N,Y
3,A6,AH82,C,UNKNOWN,VIC,NFQ-MGB,Undetermined,,,,,,FALSE,0.02,TRUE,3,39,,N,N,Y
3,A6,AH82,D,UNKNOWN,FAM,NFQ-MGB,30.05772972,30.13672638,0.111716799,,,,FALSE,0.02,TRUE,3,28,,N,N,Y
3,A7,AH82,C,UNKNOWN,VIC,NFQ-MGB,Undetermined,,,,,,FALSE,0.02,TRUE,3,39,,N,N,Y
3,A7,AH82,D,UNKNOWN,FAM,NFQ-MGB,30.21572113,30.13672638,0.111716799,,,,FALSE,0.02,TRUE,3,28,,N,N,Y
3,A8,AH83,C,UNKNOWN,VIC,NFQ-MGB,Undetermined,,,,,,FALSE,0.02,TRUE,3,39,,N,N,Y
3,A8,AH83,D,UNKNOWN,FAM,NFQ-MGB,30.30633545,30.2721405,0.048360307,,,,FALSE,0.02,TRUE,3,28,,N,N,Y
3,A9,AH83,C,UNKNOWN,VIC,NFQ-MGB,Undetermined,,,,,,FALSE,0.02,TRUE,3,39,,N,N,Y
3,A9,AH83,D,UNKNOWN,FAM,NFQ-MGB,30.23794365,30.2721405,0.048360307,,,,FALSE,0.02,TRUE,3,28,,N,N,Y
3,A10,AH84,C,UNKNOWN,VIC,NFQ-MGB,Undetermined,,,,,,FALSE,0.02,TRUE,3,39,,N,N,Y
3,A10,AH84,D,UNKNOWN,FAM,NFQ-MGB,28.851511,28.88507843,0.047470164,,,,FALSE,0.02,TRUE,3,27,,N,N,Y
3,A11,AH84,C,UNKNOWN,VIC,NFQ-MGB,Undetermined,,,,,,FALSE,0.02,TRUE,3,39,,N,N,Y
3,A11,AH84,D,UNKNOWN,FAM,NFQ-MGB,28.91864395,28.88507843,0.047470164,,,,FALSE,0.02,TRUE,3,27,,N,N,Y
3,A12,NEGCON,C,NTC,VIC,NFQ-MGB,Undetermined,,,,,,FALSE,0.02,TRUE,3,39,,N,N,N
3,A12,NEGCON,D,NTC,FAM,NFQ-MGB,Undetermined,,,,,,FALSE,0.02,TRUE,3,39,,N,N,N
3,B1,AH85,C,UNKNOWN,VIC,NFQ-MGB,Undetermined,,,,,,FALSE,0.02,TRUE,3,39,,N,N,Y
3,B1,AH85,D,UNKNOWN,FAM,NFQ-MGB,30.54511833,30.26270676,0.399388939,,,,FALSE,0.02,TRUE,3,29,,N,N,Y
3,B2,AH85,C,UNKNOWN,VIC,NFQ-MGB,Undetermined,,,,,,FALSE,0.02,TRUE,3,39,,N,N,Y
3,B2,AH85,D,UNKNOWN,FAM,NFQ-MGB,29.98029709,30.26270676,0.399388939,,,,FALSE,0.02,TRUE,3,28,,N,N,Y
3,B3,AH86,C,UNKNOWN,VIC,NFQ-MGB,Undetermined,,,,,,FALSE,0.02,TRUE,3,39,,N,N,Y
3,B3,AH86,D,UNKNOWN,FAM,NFQ-MGB,29.65923882,29.76473236,0.149189055,,,,FALSE,0.02,TRUE,3,28,,N,N,Y
3,B4,AH86,C,UNKNOWN,VIC,NFQ-MGB,Undetermined,,,,,,FALSE,0.02,TRUE,3,39,,N,N,Y
3,B4,AH86,D,UNKNOWN,FAM,NFQ-MGB,29.870224,29.76473236,0.149189055,,,,FALSE,0.02,TRUE,3,28,,N,N,Y
3,B5,AH87,C,UNKNOWN,VIC,NFQ-MGB,Undetermined,,,,,,FALSE,0.02,TRUE,3,39,,N,N,Y
3,B5,AH87,D,UNKNOWN,FAM,NFQ-MGB,28.42113876,28.30200958,0.168472752,,,,FALSE,0.02,TRUE,3,27,,N,N,Y
3,B6,AH87,C,UNKNOWN,VIC,NFQ-MGB,Undetermined,,,,,,FALSE,0.02,TRUE,3,39,,N,N,Y
3,B6,AH87,D,UNKNOWN,FAM,NFQ-MGB,28.18288231,28.30200958,0.168472752,,,,FALSE,0.02,TRUE,3,26,,N,N,Y
3,B7,AH88,C,UNKNOWN,VIC,NFQ-MGB,Undetermined,,,,,,FALSE,0.02,TRUE,3,39,,N,Y,Y
3,B7,AH88,D,UNKNOWN,FAM,NFQ-MGB,Undetermined,,,,,,FALSE,0.02,TRUE,3,39,,N,Y,Y
3,B8,AH88,C,UNKNOWN,VIC,NFQ-MGB,Undetermined,,,,,,FALSE,0.02,TRUE,3,39,,N,Y,Y
3,B8,AH88,D,UNKNOWN,FAM,NFQ-MGB,Undetermined,,,,,,FALSE,0.02,TRUE,3,39,,N,Y,Y
3,B9,AH89,C,UNKNOWN,VIC,NFQ-MGB,Undetermined,,,,,,FALSE,0.02,TRUE,3,39,,N,N,Y
3,B9,AH89,D,UNKNOWN,FAM,NFQ-MGB,30.59428978,30.39010239,0.288765937,,,,FALSE,0.02,TRUE,3,29,,N,N,Y
3,B10,AH89,C,UNKNOWN,VIC,NFQ-MGB,Undetermined,,,,,,FALSE,0.02,TRUE,3,39,,N,N,Y
3,B10,AH89,D,UNKNOWN,FAM,NFQ-MGB,30.18591309,30.39010239,0.288765937,,,,FALSE,0.02,TRUE,3,28,,N,N,Y
3,B11,AH90,C,UNKNOWN,VIC,NFQ-MGB,37.32219696,37.81980896,0.703726947,,,,FALSE,0.02,TRUE,3,35,,Y,N,N
3,B11,AH90,D,UNKNOWN,FAM,NFQ-MGB,33.18817139,33.29949951,0.157444447,,,,FALSE,0.02,TRUE,3,31,,Y,N,N
3,B12,AH90,C,UNKNOWN,VIC,NFQ-MGB,38.31741714,37.81980896,0.703726947,,,,FALSE,0.02,TRUE,3,35,,Y,N,N
3,B12,AH90,D,UNKNOWN,FAM,NFQ-MGB,33.41083145,33.29949951,0.157444447,,,,FALSE,0.02,TRUE,3,31,,Y,N,N
3,C1,AH91,C,UNKNOWN,VIC,NFQ-MGB,35.51824188,35.36086273,0.222565025,,,,FALSE,0.02,TRUE,3,34,,N,N,Y
3,C1,AH91,D,UNKNOWN,FAM,NFQ-MGB,Undetermined,,,,,,FALSE,0.02,TRUE,3,39,,N,N,Y
3,C2,AH91,C,UNKNOWN,VIC,NFQ-MGB,35.2034874,35.36086273,0.222565025,,,,FALSE,0.02,TRUE,3,33,,N,Y,Y
3,C2,AH91,D,UNKNOWN,FAM,NFQ-MGB,Undetermined,,,,,,FALSE,0.02,TRUE,3,39,,N,Y,Y
3,C3,AH92,C,UNKNOWN,VIC,NFQ-MGB,32.87414169,32.66007233,0.302737117,,,,FALSE,0.02,TRUE,3,31,,Y,N,N
3,C3,AH92,D,UNKNOWN,FAM,NFQ-MGB,34.65219879,35.13937378,0.688972175,,,,FALSE,0.02,TRUE,3,33,,Y,N,N
3,C4,AH92,C,UNKNOWN,VIC,NFQ-MGB,32.44600677,32.66007233,0.302737117,,,,FALSE,0.02,TRUE,3,31,,Y,N,N
3,C4,AH92,D,UNKNOWN,FAM,NFQ-MGB,35.62655258,35.13937378,0.688972175,,,,FALSE,0.02,TRUE,3,34,,Y,N,N
3,C5,AH93,C,UNKNOWN,VIC,NFQ-MGB,34.19391251,33.98873901,0.290156424,,,,FALSE,0.02,TRUE,3,33,,N,N,Y
3,C5,AH93,D,UNKNOWN,FAM,NFQ-MGB,Undetermined,,,,,,FALSE,0.02,TRUE,3,39,,N,N,Y
3,C6,AH93,C,UNKNOWN,VIC,NFQ-MGB,33.78356934,33.98873901,0.290156424,,,,FALSE,0.02,TRUE,3,32,,N,Y,Y
3,C6,AH93,D,UNKNOWN,FAM,NFQ-MGB,Undetermined,,,,,,FALSE,0.02,TRUE,3,39,,N,Y,Y
3,C7,AH94,C,UNKNOWN,VIC,NFQ-MGB,34.73917389,34.57685852,0.2295513,,,,FALSE,0.02,TRUE,3,34,,N,Y,Y
3,C7,AH94,D,UNKNOWN,FAM,NFQ-MGB,Undetermined,,,,,,FALSE,0.02,TRUE,3,39,,N,Y,Y
3,C8,AH94,C,UNKNOWN,VIC,NFQ-MGB,34.41453934,34.57685852,0.2295513,,,,FALSE,0.02,TRUE,3,32,,N,Y,Y
3,C8,AH94,D,UNKNOWN,FAM,NFQ-MGB,Undetermined,,,,,,FALSE,0.02,TRUE,3,39,,N,Y,Y
3,C9,AH95,C,UNKNOWN,VIC,NFQ-MGB,34.38938141,34.16670227,0.314913154,,,,FALSE,0.02,TRUE,3,33,,N,N,N
3,C9,AH95,D,UNKNOWN,FAM,NFQ-MGB,36.26916885,36.26916885,,,,,FALSE,0.02,TRUE,3,34,,N,N,N
3,C10,AH95,C,UNKNOWN,VIC,NFQ-MGB,33.94402695,34.16670227,0.314913154,,,,FALSE,0.02,TRUE,3,33,,N,Y,Y
3,C10,AH95,D,UNKNOWN,FAM,NFQ-MGB,Undetermined,36.26916885,,,,,FALSE,0.02,TRUE,3,39,,N,Y,Y
3,C11,AH96,C,UNKNOWN,VIC,NFQ-MGB,37.1496582,37.07651138,0.103445224,,,,FALSE,0.02,TRUE,3,35,,N,N,N
3,C11,AH96,D,UNKNOWN,FAM,NFQ-MGB,Undetermined,,,,,,FALSE,0.02,TRUE,3,35,,N,N,N
3,C12,AH96,C,UNKNOWN,VIC,NFQ-MGB,37.00336456,37.07651138,0.103445224,,,,FALSE,0.02,TRUE,3,35,,N,N,Y
3,C12,AH96,D,UNKNOWN,FAM,NFQ-MGB,Undetermined,,,,,,FALSE,0.02,TRUE,3,39,,N,N,Y
3,D1,AH97,C,UNKNOWN,VIC,NFQ-MGB,Undetermined,38.43862915,,,,,FALSE,0.02,TRUE,3,39,,N,Y,Y
3,D1,AH97,D,UNKNOWN,FAM,NFQ-MGB,Undetermined,,,,,,FALSE,0.02,TRUE,3,39,,N,Y,Y
3,D2,AH97,C,UNKNOWN,VIC,NFQ-MGB,38.43862915,38.43862915,,,,,FALSE,0.02,TRUE,3,35,,N,Y,Y
3,D2,AH97,D,UNKNOWN,FAM,NFQ-MGB,Undetermined,,,,,,FALSE,0.02,TRUE,3,39,,N,Y,Y
3,D3,AH98,C,UNKNOWN,VIC,NFQ-MGB,39.96991348,39.24765778,1.021426558,,,,FALSE,0.02,TRUE,3,35,,Y,Y,Y
3,D3,AH98,D,UNKNOWN,FAM,NFQ-MGB,Undetermined,,,,,,FALSE,0.02,TRUE,3,39,,Y,Y,Y
3,D4,AH98,C,UNKNOWN,VIC,NFQ-MGB,38.52539825,39.24765778,1.021426558,,,,FALSE,0.02,TRUE,3,35,,Y,Y,Y
3,D4,AH98,D,UNKNOWN,FAM,NFQ-MGB,Undetermined,,,,,,FALSE,0.02,TRUE,3,39,,Y,Y,Y
3,D5,AH99,C,UNKNOWN,VIC,NFQ-MGB,32.46339035,32.4264679,0.052213538,,,,FALSE,0.02,TRUE,3,31,,N,Y,Y
3,D5,AH99,D,UNKNOWN,FAM,NFQ-MGB,Undetermined,,,,,,FALSE,0.02,TRUE,3,39,,N,Y,Y
3,D6,AH99,C,UNKNOWN,VIC,NFQ-MGB,32.38954926,32.4264679,0.052213538,,,,FALSE,0.02,TRUE,3,31,,N,Y,Y
3,D6,AH99,D,UNKNOWN,FAM,NFQ-MGB,Undetermined,,,,,,FALSE,0.02,TRUE,3,39,,N,Y,Y
3,D7,AH100,C,UNKNOWN,VIC,NFQ-MGB,Undetermined,,,,,,FALSE,0.02,TRUE,3,39,,N,Y,Y
3,D7,AH100,D,UNKNOWN,FAM,NFQ-MGB,Undetermined,,,,,,FALSE,0.02,TRUE,3,39,,N,Y,Y
3,D8,AH100,C,UNKNOWN,VIC,NFQ-MGB,Undetermined,,,,,,FALSE,0.02,TRUE,3,39,,N,Y,Y
3,D8,AH100,D,UNKNOWN,FAM,NFQ-MGB,Undetermined,,,,,,FALSE,0.02,TRUE,3,39,,N,Y,Y
3,D9,AH101,C,UNKNOWN,VIC,NFQ-MGB,38.54455566,38.27885818,0.375752985,,,,FALSE,0.02,TRUE,3,35,,N,Y,Y
3,D9,AH101,D,UNKNOWN,FAM,NFQ-MGB,Undetermined,,,,,,FALSE,0.02,TRUE,3,39,,N,Y,Y
3,D10,AH101,C,UNKNOWN,VIC,NFQ-MGB,38.01316071,38.27885818,0.375752985,,,,FALSE,0.02,TRUE,3,35,,N,Y,Y
3,D10,AH101,D,UNKNOWN,FAM,NFQ-MGB,Undetermined,,,,,,FALSE,0.02,TRUE,3,39,,N,Y,Y
3,D11,NEGCON,C,NTC,VIC,NFQ-MGB,Undetermined,,,,,,FALSE,0.02,TRUE,3,39,,N,N,N
3,D11,NEGCON,D,NTC,FAM,NFQ-MGB,Undetermined,,,,,,FALSE,0.02,TRUE,3,39,,N,N,N
3,D12,NEGCON,C,NTC,VIC,NFQ-MGB,Undetermined,,,,,,FALSE,0.02,TRUE,3,39,,N,N,N
3,D12,NEGCON,D,NTC,FAM,NFQ-MGB,Undetermined,,,,,,FALSE,0.02,TRUE,3,39,,N,N,N